app_id,label
com.keyboard.mate.theme,suspicious
6587559933,suspicious
com.uhd.live4kwallpapers.anime.background,suspicious
com.vagaa.fly.cool.anime.keyboard,suspicious
com.prankapp.soundprank.funnysound.air.horn.game.tool,suspicious
com.air.prank.lie.detector.turthtest.funny.sound.funny.hhpp,suspicious
com.clapping.findphone.lost.phone.gps.tracker,suspicious
6738574478,suspicious
com.funnysounds.farts.prank.sounds.app.funnyjoke,suspicious
com.backgrounds.themes.anime.wallpapers4k.hd,suspicious
com.jdpsoft.math.puzzle,suspicious
6738272371,suspicious
com.pandawall.hdscreen,suspicious
com.uhd.prank.sounds.fart.haircut.funny.toy,suspicious
com.uhdwallpapers.live.anime4k.background,suspicious
6479636395,suspicious
6496201367,suspicious
6739422362,suspicious
com.anime.wallpaperhd.live.cool,suspicious
com.applock.guard.secure,suspicious
com.ar.arsketch,suspicious
com.ar.artraceartpro,suspicious
com.ar.drawing,suspicious
com.cheery.wallpaper.live,suspicious
com.colorful.statics.wallpaper,suspicious
com.cool.wallpaper.uhd.background.anime4k.live,suspicious
com.funny.prank.voice.breaker,suspicious
com.haircut.fart.airhorn.funnysound.prank.game.play.pp,suspicious
com.hdwallpapers.live.anime4k.background.lockscreen,suspicious
com.key.keyboardstyle,suspicious
com.paint.ar.drawing,suspicious
com.paint.virtualsketch,suspicious
com.prank.funny.air.horn.fartsound.sounds,suspicious
com.prank.haircut.fartprank.joke.funny.airhorn,suspicious
com.prank.joke.wave,suspicious
com.prank.sounds.funny.toy.fart.haircut,suspicious
com.pranknote.funny.sounds,suspicious
com.uu.wallpaper.hd,suspicious
com.x4d.live.wallpaper.pixel4d.hd4k.backgroung,suspicious
com.Slbazer.Craftsman4,suspicious
com.vic.monster.elimination,suspicious
828578246,suspicious
com.Puzzles.Chick.Stack.Crush.GP,suspicious
6743993903,suspicious
com.dop.brain.puzzle.launcher.free.limng,suspicious
com.mr.hero.shoot.puzzle.free.game.ponmr,suspicious
com.fat.cat.sjan.game,suspicious
com.light.wrap.flare.lum,suspicious
com.happy.draw.save.puzzle.launcher.stwen,suspicious
com.ordinaryjoy.block.vivo,suspicious
com.parking.game.road.adventure.iuad.game,suspicious
com.live.tile.star.light.beauty,suspicious
com.pdf.viewer.good,suspicious
studio.powerplay.tycoonwrapper,suspicious
com.wallpaperpix.frkb,suspicious
com.calcura.app,suspicious
com.RayGaming.ForestCleaner,suspicious
com.hideipro.calculator,suspicious
366919933,suspicious
com.BWD.Bluewarriordash,suspicious
com.hidemepro.hcalc,suspicious
com.pujiagames.deeeersimulator.vivo,suspicious
com.barkaoui.shade.shifter,suspicious
com.juan.bubble.merge.jhsuan.game,suspicious
com.chic.love.journey.fashion.merge,suspicious
com.suan.powershow,suspicious
com.fxbl.scl.vivo,suspicious
com.PCH.PortalCubeHarvest,suspicious
458838,suspicious
com.cent.conflict.healthy,suspicious
id.britech.sportymatch,suspicious
com.barcode.picture.scanner,suspicious
jp.co.Maimo,suspicious
com.wififrko.radar,suspicious
com.elifoot.m20f,suspicious
com.player.enjoytime,suspicious
com.warrior.officebuilding.gp,suspicious
wool.master.screw.match.coloring,suspicious
com.zzuf.fuzz,suspicious
com.slay.pengu,suspicious
com.shine.on.torch.galaxyz,suspicious
com.quicknews.android.newsdeliver,suspicious
com.find.aliens.jisan.game,suspicious
com.gartic.stopots,suspicious
com.card.collection.master.jusanf.game,suspicious
6740115362,suspicious
io.gartic.gartic,suspicious
com.Fillthecips.puzzlegame,suspicious
com.monotower.battlemonster,suspicious
com.mind.quiz.brain.out.vivo,suspicious
com.roller.coaster.scream.loudly.jusan.game,suspicious
com.lmtopx.recoverjtph,suspicious
com.cns.gutjoo,suspicious
com.redaxegames.carforsalesimulator2023,suspicious
1437696655,suspicious
com.turkuvaz.aspor,suspicious
com.jurassic.monstwe.rush.jha.game,suspicious
com.hidedpro.calculator,suspicious
com.scanner.qrcode.qcs,suspicious
com.lpoint.lime,suspicious
english.conversation.english.conversation,suspicious
com.saber.salem.line.zag,suspicious
com.alper.king.hd,suspicious
com.ledlights.specialtool,suspicious
com.kakaobank.channel,suspicious
kvp.jjy.MispAndroid320,suspicious
com.speed.moto.city.rush.jhua.game,suspicious
com.block.quest.puzzle.shua.game,suspicious
com.koancraft.commando.hawk.offlineshootinggame,suspicious
com.doge.save.puzzle.draw.free.game.zimet,suspicious
1258016944,suspicious
com.shooting.toilet.man.jusna.fps.shud.game,suspicious
6737751124,suspicious
com.sjnservices.techApp,suspicious
com.RealGC.eurobus,suspicious
com.drop.merge.brainrot.puzzle.free.launcher.tewon,suspicious
com.where.seat.puzzle.huand.game,suspicious
com.fluquid.widy.app,suspicious
com.supermarket.simulation.huand.game,suspicious
com.TBC.TurboBoardChase,suspicious
com.nhnent.payapp,suspicious
cwsf.dapal.realestate,suspicious
com.running.ball.beat.dancing.color.music.game,suspicious
fortress.of.gears,suspicious
com.buvvle.dragon.battle.hsu.game,suspicious
kr.co.iefriends.myroadcctv,suspicious
com.walksnap.chio.paotry,suspicious
com.kerun.word.block.ko,suspicious
com.flyman.mech.husanf.game,suspicious
com.tmtexpo.chasemaze,suspicious
com.sogame.hhwzx.admob,suspicious
com.learningword.easygame,suspicious
com.sjnservices.flowtogrow,suspicious
com.bluverimage.making.fun,suspicious
com.subappsstudio.citytransit,suspicious
com.crazy.ball.jusna.track.skia.game,suspicious
com.aqua.note.drink,suspicious
com.wifilocation.wifikey.wifipassword.wifiscan.wifiunlocker.wificonnect.hotspot,suspicious
com.capstikogain.tabli,suspicious
com.begma.bhoppro,suspicious
com.hidefrkbpure.calcb,suspicious
com.cashwalk.moneyearn.walkwalk,suspicious
cast.video.tool.screenmirroring.casttotv,suspicious
com.soremind.guanty.app,suspicious
com.atmecode.scanqrbarcodepro,suspicious
com.pro.drag.racing.burnout,suspicious
com.TornadoBear.KingLand,suspicious
iuanu.blockscrash.mi,suspicious
com.xindongfy.new.horriblegranny3.vivo,suspicious
com.newhidencalc.calculat,suspicious
com.hidefrkmpro.snapcalc,suspicious
com.sukhavati.gotoplaying.bubble.bubbleshooter.mint,suspicious
com.aomatatech.datatransferapp,suspicious
com.amazing.black.hole.juahn.game,suspicious
com.rc27.supermarket.story.store.manager.simulator,suspicious
com.hidesmpro.calctp,suspicious
com.secondgames.dream.football.soccer.league,suspicious
com.dmkstudios.luckynumberwheel,suspicious
com.wallpaperx.frkm,suspicious
com.wifimmi.radar,suspicious
com.ford.fordbrowser,suspicious
6504324020,suspicious
com.poaraday.manema.tree,suspicious
com.novanews.android.localnews.br,suspicious
1250783151,suspicious
com.tms,suspicious
com.husan.clap.phone.shya.android,suspicious
com.prank.sounds.airhorn.fartsounds.haircut.simulator,suspicious
nh.smart.nhallonepay,suspicious
com.glance.lockscreenm,suspicious
com.bottle.storage.master.jiad.game,suspicious
com.bp.blood.pressure.ashu.android,suspicious
com.husna.mini.games.fun.relax.game,suspicious
qibla.compass.finddirection.hijricalendar,suspicious
com.fumbgames.minersofbitcoin,suspicious
com.blood.pressure.record.tools.suhd.android,suspicious
com.weather.live.hsan.local.android,suspicious
1570525877,suspicious
com.friut.majs.jisjda.game,suspicious
6502940202,suspicious
com.rook.browser.magical,suspicious
com.file.recovery.sdhay.android,suspicious
com.pack.pchip2,suspicious
com.dreamstone.goldswinners,suspicious
com.photo.processing.pixeloasis,suspicious
com.cookingdom.dessert.shop.husa.game,suspicious
com.stepcounter.powers,suspicious
com.witch.spin.wheel,suspicious
br.com.projectnetwork.onibus,suspicious
com.basketball.stars.competition.sjuan.game,suspicious
kr.co.azsmart.apartner,suspicious
com.cleanmaster.tools.junk.cache.sydh.android,suspicious
com.partner.filespeed.panpa,suspicious
com.Smile.Video,suspicious
com.novanews.android.localnews.id,suspicious
kr.onbi.schoolmom,suspicious
com.fuse.planet.name,suspicious
com.sk.benepia,suspicious
com.aliha100.KingofSteering,suspicious
com.brmo.moss.browser,suspicious
com.ssping.tiger.pslot,suspicious
com.tvata.loco.wheel,suspicious
com.mocacorp.sudoku,suspicious
com.candyludo.turtle,suspicious
com.dinosaurdefense.buildshelter.game,suspicious
game.puzzlebubble.mi,suspicious
com.inventory.merge.combat,suspicious
com.music.sync.gun.beat.fire.game,suspicious
com.mixigreestudio.horse.stunts.horse.jumping.horse.games,suspicious
com.horror.beat.box.music.game.free.puzzle,suspicious
com.guardlife.alert.roleplay,suspicious
com.decodeqr.madting.apo,suspicious
com.real.truck.drive.transport,suspicious
com.eggies.riddlemejustriddles,suspicious
com.zinzin.craftbuilding.pixelsimulator,suspicious
com.ricardo.funmoneykeyboard,suspicious
ds.dash.samurai,suspicious
com.melarywater.drinkuk,suspicious
aerial.powerf.stunning.aircraft.combat,suspicious
com.glance.lockscreenrealme,suspicious
6739614743,suspicious
com.shiny.keyboard,suspicious
com.wifi.qr.master.shdj.android,suspicious
com.pressure.record.text.health.android,suspicious
com.solara.filerecovery,suspicious
com.novel.fiction.read.story.book,suspicious
com.pdfviewer.prodoc,suspicious
com.pdfviewer.scanner,suspicious
959498315,suspicious
br.com.masterapps.harpacristagratis,suspicious
com.turbo.turtle.match.shay.game,suspicious
1174039276,suspicious
com.beauty.screw.jam.fun.game,suspicious
847268987,suspicious
pranksounds.airhorn.haircut.fart.funnysounds,suspicious
com.babuyo.footy.career.and.ww,suspicious
com.godcg.btgl,suspicious
com.wifi.luckwifi.lwtool,suspicious
com.xioncompany.basiccomonsense,suspicious
com.RayGaming.TreehouseFishing,suspicious
daily.wise.saying,suspicious
com.geosoftech.wordprowordpuzzlepro,suspicious
com.liapp.li.XingZuo,suspicious
com.kbcard.cxh.appcard,suspicious
com.europe.huntingsniper,suspicious
com.funnysounds.pranks.pranksounds.funnyjoke,suspicious
com.prank.funny.sounds.airhorn.joker,suspicious
com.spker.kurg,suspicious
1465731199,suspicious
com.poep.maskp.antivirus,suspicious
695436326,suspicious
com.secbi.hogur,suspicious
game.joyit.welfare,suspicious
com.hg.idleweaponshoptycoon.android,suspicious
com.locker.eiouc.beothen,suspicious
io.supercent.weaponrpg,suspicious
com.gamemaker5.idlemafia,suspicious
6443994440,suspicious
com.EternalStudio.GearFight,suspicious
com.ht.mini.car.raceway.endless.drive,suspicious
com.xiaomo.bag,suspicious
br.com.appstarsbiblia.bibliaalmeidacf,suspicious
com.themasterapp.everydaywishesandgreetings,suspicious
com.heytap.market,suspicious
com.herocraft.game.lite.st_ussr_usa,suspicious
com.iterationone.nightclubtycoon,suspicious
com.themasterapp.imagenesconfrases,suspicious
limex.tv.izle.canli.android,suspicious
573144133,suspicious
cbse.papers.class.cbse,suspicious
com.avatye.zzalplus,suspicious
com.cultureland.plus,suspicious
balls.arcademaker.bricks.breaker.brounce.ballz.puzzle,suspicious
com.veryfit2hr.second,suspicious
com.swagglobal.swagtoons,suspicious
com.sleep.sound.deep.android,suspicious
com.shake.luxury.prado.car.parking.simulator,suspicious
master.blocks.world.stragy.puzzle,suspicious
colworld.paints.book.number.coloring,suspicious
com.andmi.StealthWar.free,suspicious
com.smartscore.rawady.smartscore,suspicious
com.oak.cryptosense,suspicious
1659408861,suspicious
heroes.battle.strategy.card.game,suspicious
com.oppo.quicksearchbox,suspicious
com.ai.keyboard.skins.facemoji.animation.live.hhpp,suspicious
com.fool.pranks.soundsmaker,suspicious
com.happy.pranksounds.airhorn.haircut.fart,suspicious
com.pranksounds.airhorn.haircut.fart.hairclipper,suspicious
com.free.coolwallpaper,suspicious
com.photo.wallpaper.category,suspicious
clean.master.antivirus.battery.ora,suspicious
1618041797,suspicious
com.clit.mana,suspicious
zombie.survival.dead.shooting,suspicious
com.pockettorch.tool.torch,suspicious
com.omnewgentechnologies.vottak,suspicious
com.everyday.weather.forecast,suspicious
com.GU.lovematters.coop,suspicious
com.seriously.bestfiends,suspicious
com.frases.frasesvip,suspicious
com.dayunlinks.cloudbirds,suspicious
com.prankster.fx,suspicious
com.playstrom.popus,suspicious
com.oppo.music,suspicious
1214765807,suspicious
ske.arbc.we.neat,suspicious
com.serenasecret.mergegame,suspicious
com.lionroar.puppydaycare,suspicious
com.bible.holybible.nkjv.dailyverse,suspicious
1148587060,suspicious
danoasoftware.daily_liturgy,suspicious
com.supersolid.cookandmerge,suspicious
com.dollercat.snowya,suspicious
1570315891,suspicious
com.my.hawk.air.shooter,suspicious
br.com.appstarsbiblia.bibliasagradamulher,suspicious
com.naxclow.v720,suspicious
com.farolapps.bomdiatardenoite,suspicious
com.zombie.gun.shooter,suspicious
com.ig.wood.block.puzzle,suspicious
com.style.personal,suspicious
1563328274,suspicious
newapp.video.keep.photos.free,suspicious
game.capybara.adventure,suspicious
23100390170,suspicious
com.givvy.shorts,suspicious
com.dazzling.dynamic.wallpaper,suspicious
com.mesmerizing.wallpapers,suspicious
com.dashdramas,suspicious
com.os.space.force.galaxy.alien,suspicious
com.appsky.slumbercycle.sleeptracker,suspicious
com.FuFuDaHora47.FutebolAoVivo,suspicious
com.furywing.decoration.merge,suspicious
com.egnellahc.sselitend,suspicious
systems.hammer.hs_roulette,suspicious
com.keystorm.animelover,suspicious
com.bricksbreaker.balls.crusher.bricks,suspicious
com.farmtopia.pet.merge.harvest,suspicious
linkdesks.merge.ocean.cooking,suspicious
com.skylinkstudio.triple.tile.blossom.forest,suspicious
pzl.aceblocks.relax.filling.silpleay,suspicious
3038827139,suspicious
com.alien.stone.defense.tra,suspicious
6566190200,suspicious
com.swiftgames.survival,suspicious
com.mobibrain.hamstermall,suspicious
com.stoneage.privatesub,suspicious
com.treespleasegames.merge1,suspicious
com.tiltingpoint.sbadventures,suspicious
com.hg.armytycoonidlebase.android,suspicious
indian.geography.geography,suspicious
com.love.rebirth.merge.match.stylist.story,suspicious
com.yunbu.merge.design,suspicious
com.ookbee.tunwalai.android,suspicious
com.beingame.zc.zombie.shelter.survival,suspicious
com.TreetopCrew.EarthInc,suspicious
com.zeptolab.thieves.google,suspicious
com.etermax.trivia.preguntados2,suspicious
com.Playrion.AirlinesManager2,suspicious
com.playkot.ageofmagic,suspicious
com.my.evolution2,suspicious
com.swagmasha.genres,suspicious
heroes.of.war,suspicious
au.com.pixelcake.wordpotato.guoxierzyoulaile,suspicious
me.cyberkey.android.files.pro,suspicious
com.apkpure.aegon,suspicious
and.lihuhu.triplecar,suspicious
blocks.grid.maxpuzmentily.challe.variety,suspicious
cc.stix.hashb,suspicious
com.technology.spotthedifferent,suspicious
348555322,suspicious
freeesh.clslwean.adisinuua,suspicious
com.newmoonproduction.sunshineisland,suspicious
com.my.defense,suspicious
com.mytona.seekersnotes.android,suspicious
com.downloaderfor.tiktok,suspicious
com.mytona.cheftales,suspicious
com.mysterytag.berryfactory,suspicious
br.com.tapps.bidwars2,suspicious
com.zeptolab.bulletecho.google,suspicious
kr.wedrive.cash,suspicious
com.zeptolab.cats.google,suspicious
430282710,suspicious
com.hdsoul.minisurvival.android,suspicious
games.bit.storyngtonhall,suspicious
com.kitalulus,suspicious
com.quantumx.renaissance.qiura,suspicious
com.playrion.airportmanager,suspicious
com.abi.legendofsurvivors,suspicious
com.skylinkstudio.toy.triple.match3d.game,suspicious
com.starnursery.hospital,suspicious
live.fun.bingo.online.story.casino.free.game.android,suspicious
com.tiltingpoint.fashionapp,suspicious
games.alternativa.projectv.test,suspicious
app.getloaded.bitcoinblast,suspicious
com.rzcreators.scantime,suspicious
com.bling.ethereumblast,suspicious
com.finnq.f1,suspicious
1264951751,suspicious
cc.stix.tikboost,suspicious
com.moneysearch.learning.game,suspicious
com.mysterytag.farmland,suspicious
com.tuneonn.lovehindi,suspicious
com.zddapps.totke,suspicious
ar.drawing.sketch.paint.trace.draw.picture.paper,suspicious
merge.numberpzl.blocks.classicax.drag,suspicious
physics.physics.physics,suspicious
com.fasthelper.wifiexpert,suspicious
com.avs.gunsoundweapon.simulator.realsoundgame,suspicious
5286115714,suspicious
5145544696,suspicious
systems.hammer.hs_spy_android.w,suspicious
com.ar.paintar,suspicious
com.key.keyboard.theme,suspicious
com.sound.prankparty,suspicious
com.big.my.cruise.ship,suspicious
com.gamblenop.fortuneqrs,suspicious
1422791215,suspicious
com.lotteryhij.winklm,suspicious
6447661755,suspicious
com.mysterytag.paris,suspicious
com.miniit.bingo,suspicious
com.photofiledetect.comp,suspicious
math.Mathematics.exam.math,suspicious
6738555889,suspicious
com.ferriswheelgames.lordcjr,suspicious
com.martrix.shorts.smartbrowser,suspicious
rookiescom.dbsmedia.cashback,suspicious
com.youabe.abbe.ottto,suspicious
kr.co.settlebank.sb010pay,suspicious
english.preposition.english.preposition,suspicious
com.purple.files.manager.king,suspicious
com.spot.music.filedate,suspicious
com.ExperienceGames.Match2048,suspicious
com.andmi.SpeedRacing.free,suspicious
sadvpo.ovenrMI.opwerb.klb354,suspicious
com.uhd.wallpapers4k.live4d.ai.game.background.pics,suspicious
com.vagaa.abundant.keyboard.theme.lite,suspicious
com.link.search.words.puzzlegame,suspicious
com.jess.makeup,suspicious
com.appsky.bpdiary.healthtracker,suspicious
com.ex.file.simple.apps,suspicious
com.remover.space,suspicious
dev.dect.wear.qrs,suspicious
networld.price.app,suspicious
mergepuz.addictive.numberwill.planthink.strategic,suspicious
com.KaueRosa.CityTakeover,suspicious
com.brainium.sudoku,suspicious
com.furylion.makeup,suspicious
com.CabinaGames.ToiletFight,suspicious
953511734,suspicious
1286115641,suspicious
puzzle.number.blockmerge.crazybrain.strategy,suspicious
com.mrwonderful.planet.eoi,suspicious
com.zz.magnifier.camera,suspicious
com.VideoMaker.VideoEditor,suspicious
com.crone.skinsmasterforminecraft,suspicious
com.fish.treasure.go.mag,suspicious
com.sleepsounds.sleep.relax.sleepsoundsoffline.sleepsoundsfree,suspicious
1483433931,suspicious
com.goods.android.maniamatch,suspicious
com.bottle.file.jump,suspicious
com.clear.voice.recorder.note.sound.pro,suspicious
colorf.wall.canvas.hushg,suspicious
com.masudflash.flashlight,suspicious
com.haircut.horn.pranks,suspicious
com.ar.painting.helper,suspicious
1621682855,suspicious
1342468799,suspicious
com.casualino.vipbelote,suspicious
jp.co.goodroid.hyper.eggmania,suspicious
andronescu.balkanmania2,suspicious
com.hg.idleminingtycoon,suspicious
com.bloody.buddy.bp.blood,suspicious
com.figzab.hazelcde,suspicious
im.bigc.lively,suspicious
com.duanju.tv,suspicious
com.citycraft.modern.world.simulation,suspicious
com.freebooks.bookread,suspicious
com.screen.hipsters.re,suspicious
com.todaysoft.goldmining,suspicious
core.hert.pulse.record.eo,suspicious
com.madt.brawlsimulator,suspicious
com.sandboxol.blockymods,suspicious
com.brainbete.word.search.crossword.puzzle.hidden.words.connect.premium,suspicious
com.prankapp.funnysound,suspicious
com.zymobile.merge.master.home.design.gp,suspicious
com.hyperkani.bomberfriends,suspicious
com.flybirdgames.adventureislandmerge,suspicious
com.gmail.joystudio808.nonogram,suspicious
com.bigfishgames.fairwaysolitaireuniversalf2pgoogle,suspicious
air.com.bitrhymes.bingo,suspicious
com.cookapps.sunnyhouse,suspicious
com.bder7rur.roller.tour,suspicious
com.albus.awesomepark,suspicious
com.dalcomsoft.mysu.a,suspicious
colorwater.sortpz.separate.pickup,suspicious
com.x8zs.sandbox,suspicious
ig.com.boat.jam,suspicious
7785093306,suspicious
com.rzcreators.camera,suspicious
blockmatching.scorepoints.puzwilly,suspicious
com.shoppingntmall.mcapp,suspicious
swipe.merge.number.tile.puzzlethinking,suspicious
blinking.ledtext.marquee.texteffects,suspicious
powerful.reliable.bright.light.signal,suspicious
animled.textdisplay.scrolling.effectol,suspicious
com.dmcfight.spider.hero.sum,suspicious
com.softmanage.applicationlock,suspicious
1025707485,suspicious
in.sweatco.app,suspicious
com.brilliant.vivid.wallpapers,suspicious
com.elfarraso.cutepandawallpaper,suspicious
com.soft.ware.lock.hd,suspicious
com.gamebasics.osm,suspicious
com.woodscrew.nuts.bolts.unscrew,suspicious
6670782886,suspicious
com.idle.food.bar.tycoon,suspicious
com.pabloleban.IdleSlayer,suspicious
com.productmadness.cashmancasino,suspicious
invaders.os.galaxy.space.shooter.attack.classic,suspicious
com.mergegames.mergecraze,suspicious
com.onicore.torch,suspicious
com.bling.bitcoinpop,suspicious
com.bling.bitcoinblocks,suspicious
com.herocraft.game.mafioso.gangster.paradise.pvp,suspicious
com.gzl.drivebus.parking.game,suspicious
com.gdmnetpro.vpn,suspicious
ifitness.home.workout.body.exercise,suspicious
com.colab.mini.relax.toys,suspicious
com.mini.gametrend.stress.relief,suspicious
it.simonesessa.changer.ttt,suspicious
com.wall.backgrounds.paper,suspicious
6739125365,suspicious
com.shcard.smartpay,suspicious
6737029838,suspicious
com.prank.sounds.airhorn.fart.haircut.funny.game.play,suspicious
1600034464,suspicious
jp.co.projapan.solitaire,suspicious
com.jlyt.SurvivorIsland,suspicious
com.fruit.happy.fusion,suspicious
english.idioms.english.phrases,suspicious
6479289680,suspicious
6443555191,suspicious
dk.xombat.airlinemanager4,suspicious
com.squareenix.relicrun,suspicious
1663169209,suspicious
6738170692,suspicious
com.casualino.viptarot,suspicious
com.PURE.Puredrifting,suspicious
587802106,suspicious
com.bikcfei.checar,suspicious
com.oceanTile.matchfish.threemaster.puzzle.fishescape,suspicious
com.wellness.paljourneyhduaduas,suspicious
com.zeptolab.overcrowded,suspicious
8183595157,suspicious
com.romantic.blast.makeover.game,suspicious
igoi.wkg.alarm,suspicious
com.wonder.zrwtd.an,suspicious
com.bandagames.miner,suspicious
watercol.simplerex.brainsort.enthusiast,suspicious
com.ashturi.gemstone,suspicious
avatar.cartoonish.emojis.customizable,suspicious
com.magic.oldfacemaker,suspicious
com.haven.photo.wallpapers,suspicious
com.zombie.idleminertycoon,suspicious
com.mergegame.merge,suspicious
com.lumon.clen.vignette,suspicious
6739099034,suspicious
solitaire.tripeaks.farm.free.card.games.grand.harvest.garden,suspicious
com.jindoblu.twoplayergameschallenge,suspicious
1635978552,suspicious
com.softeware.interesting.sound.prank,suspicious
com.fashion.blast.beauty.story.makeover.puzzle,suspicious
com.zebratuv.cactuswxy,suspicious
com.fashion.nova.merge.design.stylist.show.dressup.makeover,suspicious
com.ozuma.zraft,suspicious
com.titan.red.bounce.ball,suspicious
com.jun.kouyu.kiu,suspicious
1432956525,suspicious
com.trophymanager.ultra,suspicious
com.openmygame.games.android.wordsearchsea,suspicious
com.magnifier.superusagdasu,suspicious
nuts.bolts.woody.puzzle,suspicious
movement.sequence.swap.tiles.range,suspicious
perfect.legendary.sliding.numplay.victory,suspicious
groupe.gaelmusic,suspicious
live.minimalist.nature.wallpaper.sthetic,suspicious
hd.live.wallpapers.cuszbackground,suspicious
meter.ruler.mesurelg.unitcaltor,suspicious
spotfind.visual.challenge.comparison,suspicious
com.tikustok.art.wallpapers,suspicious
com.hanaskcard.paycla,suspicious
com.hanamobile.fandomchart,suspicious
1489950162,suspicious
solitaire.classic.klondike.patience.card.game,suspicious
com.cookfunoiweng.cmmdek,suspicious
com.justplay.app,suspicious
co.wl.aaghaz,suspicious
ntate.stunna2,suspicious
com.neogpt.english.grammar,suspicious
com.clarkstudio.mergemakeup,suspicious
com.timespread.timetable2,suspicious
571393580,suspicious
dorcas.moyomusic,suspicious
885093153,suspicious
sliding.classicnum.puzzlesolving.skills,suspicious
com.atk.aquatrack,suspicious
kadongo.kamu2,suspicious
com.xtzggbmkkwoyjl.crowdedcarspace,suspicious
sliding.move.hrd.shuffle.llengemode,suspicious
com.hydrate.dailyreminder,suspicious
number.combine.gameplay.gridmerges,suspicious
air.shootgame.combat.attack.aerial,suspicious
style.live.wallpapers.varietydesign,suspicious
playback.highquality.audio.recodertl,suspicious
com.dannyconrad.blockblasterblam,suspicious
5399234806,suspicious
com.lockfast.security.protect,suspicious
com.offline.music.playermp3,suspicious
com.goodville.goodgame,suspicious
6503441066,suspicious
com.moonjoy.cointale,suspicious
com.richhan.trupmstar,suspicious
com.evogames.slavsforvk,suspicious
com.merge.legends.dragon.dailyfun,suspicious
com.hyilmaz.okey,suspicious
swipeful.joinplus.reachgoal.movesimple.numpuzzle,suspicious
pocket.tales,suspicious
net.fussballtransfers.mobile,suspicious
1492626683,suspicious
com.appsky.calendar.periodtracker,suspicious
com.emojievolution.emojimixstickerhdia,suspicious
constitution.indian.constitution,suspicious
com.grandcashslots.free.gp,suspicious
engaging.swipe.gridtiles.numpuzz.braincoming,suspicious
sjava.music2,suspicious
com.RainbowFactory.MergeDesign,suspicious
com.bingo.tour.party.crazy.free,suspicious
seafood.tycoon.inc.idle.dovi,suspicious
291973577,suspicious
com.hubolabs.hubo,suspicious
com.music.downloader.musicplayer,suspicious
com.bling.sweetbitcoin,suspicious
com.skt.skaf.A000Z00040,suspicious
com.solitaire.klondike.rescue.dog.friends.card.game,suspicious
network.xyo.coin,suspicious
com.fc.wood.nuts.bolts.tangled.screw.puzzle,suspicious
com.interpark.notitome,suspicious
piano.study.magicfun.professional,suspicious
artistcol.wonderworld.beauti.creatively,suspicious
shooting.legend.modern.infiniaction,suspicious
classic.sudoku.number.solving.abilities,suspicious
zoom.magnifier.clarity.durable.assist,suspicious
3985092836,suspicious
scientific.smartsip.calculator.instantly,suspicious
firegame.tankzone.combatfield.armor,suspicious
trynumber.cuslevel.smooth.playables,suspicious
clearlines.blockmatch.puzchall.gamego,suspicious
flight.mission.multicombat.jetpilot,suspicious
efficient.note.customize.workreminder,suspicious
effect.vibrant.block.stars.mgepzl,suspicious
brain.watersort.relaxy.logic.challing,suspicious
rowgrid.number.sudoku.think.expert,suspicious
rookiescom.dbsmedia.cashtong,suspicious
com.fpg.dop.draw,suspicious
adventure.popping.stars.mergepzl.sipfun,suspicious
color.find.observation.training.syspics,suspicious
com.movie.video.vidmaite.allvideodownloader.storysaver.pro,suspicious
science.ncert.science,suspicious
stream.fancy.color.find.difvisly,suspicious
com.popgolden.polls,suspicious
com.weather.channel.open,suspicious
com.hoozane.thailand,suspicious
com.sunny.tools.app.soft,suspicious
com.heatherglade.idleguy,suspicious
com.bid.master.war.auction.battle,suspicious
com.ig.coffee.jam,suspicious
com.casualino.bgbelot,suspicious
com.hg.fitnessclub.android,suspicious
com.hancom.office.editor.netffice,suspicious
com.defense.bag.fight.mergegame,suspicious
com.soul.zhongjianshang,suspicious
com.productmadness.hovmobile,suspicious
com.farm.adventure.griffin.island,suspicious
com.scheduleplanner.dailytimeplanner,suspicious
com.notdoppler.earntodierogue,suspicious
info.flowersoft.theotown.theotown,suspicious
com.cat.cattery.browser.catterybrowser,suspicious
ao.magic.piano.tiles,suspicious
com.love.choices.makeover.story.merge.stylist,suspicious
com.myway.mylife.puzzle.an,suspicious
com.temperament.nearme.gamecenter,suspicious
chemistry.chemistry.chemistry,suspicious
formula.math.formulas,suspicious
com.bigstarkids.wordtravelturkishclassic,suspicious
com.ofazz.clever,suspicious
com.os.fc.gunforce.sidescrolling.shooter,suspicious
com.anas.travel,suspicious
com.Zonmob.ShadowofDeath.FightingGames,suspicious
com.pgstudio.heroadventure,suspicious
com.herocraft.game.free.medieval,suspicious
com.rzcreators.wave,suspicious
sk.inlogic.x22048masterpro,suspicious
inspire.addictive.num.blocks.mindelegant,suspicious
21100389671,suspicious
block.exper.dailypuzzle.simplefun,suspicious
com.plusfunscanner.qrscan.code,suspicious
tilesintricate.matchthree.mindstragic,suspicious
boxrow.unique.solution.brainlogictik,suspicious
alexmendonca.scanner.barcode.reader.generator,suspicious
com.prank.tease.sound,suspicious
com.nature.free.variouswallpaper,suspicious
com.prank.sounds.abundant,suspicious
com.storage.cleaner.mf,suspicious
com.heartrate.monitor.pulse.tracker.bp.health,suspicious
com.tool.amusing.amicable.prank.horn.movement,suspicious
com.yg.mini.games,suspicious
1443446174,suspicious
1579072162,suspicious
1104692136,suspicious
com.abundant.dynamic.wallpaper,suspicious
com.emoticon.whatsapp.sticker.app,suspicious
com.JindoBlu.Antistress,suspicious
com.pix.hd.x4k.live.wallpaper.background,suspicious
543186831,suspicious
1323901884,suspicious
com.yg.bike.racinggame,suspicious
games.spearmint.connectanimal,suspicious
com.pdfreader.free.viewer.documentreader,suspicious
com.biller.scg,suspicious
6443678969,suspicious
1504434984,suspicious
com.haircut.fart.air.horn.funny.prank.game.free,suspicious
com.in94games.horseswallpaper,suspicious
1612175933,suspicious
ru.subprogram.guitarsongs.vint,suspicious
com.hotplay.animals,suspicious
1549814091,suspicious
com.vincentb.mobcontrol,suspicious
1619719913,suspicious
6477358134,suspicious
com.hotplay.puzzlegames,suspicious
com.crone.worldofskins,suspicious
com.yg.balls.parkour,suspicious
6444705312,suspicious
1469356572,suspicious
gomoku.tic.tac.toe.gobang,suspicious
6503934461,suspicious
com.gmail.dayoffgames.picross2,suspicious
1089336971,suspicious
ket.allfile.manager,suspicious
com.neowiz.android.bugs,suspicious
1610874732,suspicious
com.x4d.live.wallpaper.pixel4d.hd4k,suspicious
com.crone.hdskins,suspicious
1473424857,suspicious
1434807653,suspicious
com.pujiagames.deeeersimulator,suspicious
com.hotplay.petexplosion,suspicious
1317978215,suspicious
1402384531,suspicious
com.globamusic.down,suspicious
com.junk.news.weather.heart.eraser,suspicious
com.digiwards.lovelypet,suspicious
net.zedge.android,suspicious
com.spi.dark.urban.fighter,suspicious
com.zed.flutter_music_player,suspicious
snake.battle.arcade.io.game,suspicious
1207565651,suspicious
com.happywired.cbudhaih,suspicious
com.myhometown2.myhometown2,suspicious
tic.tac.toe.two.player.board.games,suspicious
cat.game.liftapp,suspicious
com.loseweight.diet.workout.jathlehem,suspicious
com.easyweightloss.homeworkoutforlazy,suspicious
com.zom.world.survival.oot,suspicious
com.skplanet.wezuro,suspicious
com.gammascan.zxingclient.qrcodescanner.barcodescanner,suspicious
1344700142,suspicious
io.voodoo.paper3,suspicious
voicemusictonechanger.girlvoicechanger.voicechanger,suspicious
com.crone.skineditorforminecraftpe,suspicious
com.bible.truth.reading.daily,suspicious
com.kerols.phoneboost,suspicious
com.appsky.android.bloodpressure,suspicious
com.street.fight.otf,suspicious
com.homeworkout.weight.loss.lazy.jathlehem,suspicious
zebi24.guess_5,suspicious
com.aadhk.bptracker,suspicious
com.FailGames.RusCarsCrash,suspicious
com.chargingwatts.batteryalarm.free,suspicious
com.StoryInc.LeagueOfDreamers,suspicious
com.mobirix.fishinghook,suspicious
com.fpg.road.vehicle,suspicious
com.demon.sniper.sandbox.uif,suspicious
com.igogroup.new6,suspicious
com.fazzma.coin,suspicious
com.fpg.stressrelief,suspicious
com.devta.ganesh.fluttery,suspicious
com.hero.save.was,suspicious
bp.chec.smart,suspicious
com.toolfi.filemanager,suspicious
com.croquis.zigzag,suspicious
com.chat.go.browser,suspicious
6448176203,suspicious
com.flex.motion,suspicious
com.starbyface,suspicious
com.keplerians.evilnun,suspicious
com.rfentertainment.estilobr,suspicious
kr.co.tmoney.tia,suspicious
976131101,suspicious
com.fugo.wow,suspicious
com.gladio.superflip,suspicious
com.amh.file_manager,suspicious
com.appstronauts.quiz,suspicious
com.chess.strategy.boardgame,suspicious
com.pixelkraft.edgelightcolors,suspicious
1540197003,suspicious
com.weekendhk.jetsonews,suspicious
com.loanemi.citizencalculator,suspicious
com.aniyapps.qrandbarcodereader,suspicious
6462883369,suspicious
com.onestore.onestory,suspicious
a7zr5.ypok6.zwfg,suspicious
com.in94games.wallpaperHD,suspicious
snake.game.ular.cacing.permainan.worm,suspicious
com.baylol.phone.masterclean,suspicious
visually.blockphics.embarkpace.immerse.playsurel,suspicious
com.junk.out.free.storage,suspicious
com.magnifier.magnifiersimple,suspicious
io.tnnlvbalx8.fishing,suspicious
mobi.infolife.ezweather.widget.weather.location,suspicious
com.tools.scope.magnifying,suspicious
melon.box,suspicious
com.platonovdev.noob.miner,suspicious
com.trotfan.trot,suspicious
com.joytrip.crazy.racing.ball,suspicious
com.vege.fantasy.land.tal,suspicious
tiken.jahfakoly,suspicious
com.shadow.spider.cross.dfx,suspicious
com.aoidhdno.wallsdfashad,suspicious
com.keplerians.icescreamtwo,suspicious
com.carx.top.speed.race,suspicious
assane.ndiaye,suspicious
com.blood.pressure.health,suspicious
com.remi.wallpaper.forandroid,suspicious
com.naipaka.pikapika,suspicious
com.coolguy.desktoppet,suspicious
com.hurler.photo.pdf,suspicious
com.pointberry.main,suspicious
com.filemanager.fileorganizer.filebrowser.transferfiles.smartswitch.filexplorer,suspicious
com.keplerians.icescream3,suspicious
com.fixfoxprofit.flutter,suspicious
sodvber.mi.ouhubwse.ayvwe,suspicious
com.devloperana.fingerheartwallpaper.offline,suspicious
org.plaza.wp.android,suspicious
com.andmi.Slidingball.free,suspicious
com.droidphotomaker.bloodpressure.monitor.bptracker.bpapp,suspicious
org.trace.magnifier.tm,suspicious
com.storagecleaner.phonecleaning,suspicious
com.zxx.citadelresistance,suspicious
com.sniper.evil.sandbox.atc,suspicious
com.bubble.crush.artonal.game,suspicious
com.attack.sandbox.beast.shoot,suspicious
jimmy.dpsalmist5,suspicious
getead.vsgdayers.uriojs,suspicious
com.etu.wallpaper,suspicious
guand.beaconup.lighten.wak,suspicious
ghti.w3qk5.n6oms,suspicious
oud.olubn2.miou,suspicious
com.fv.CleanDoctor,suspicious
wm.museum.wall.paper,suspicious
com.real.school.sim.cam,suspicious
com.anggadeveloper.lovewallpaperhd,suspicious
waermen.ueoanxea.ooouu,suspicious
jlsiy.ytv37w.cgiu4,suspicious
tim.rponbm.vopnwro,suspicious
open.powrbn.oibeytibm,suspicious
com.air.horn.pranksounds,suspicious
com.prank.sound.app.new,suspicious
com.keyboard.themes.key,suspicious
com.prank.funny.pranks,suspicious
6739514816,suspicious
com.xone.maze,suspicious
6739570317,suspicious
6739485899,suspicious
com.prank.funnysound.box.joke.haircut.airhorn,suspicious
com.keyboard.skinvibe.theme,suspicious
com.bg.eraser.drip.art.light.effect.neon.photo.editor.app,suspicious
com.wallpaper.beautiful.switchs,suspicious
com.focuscraft.photo.editor,suspicious
6670340140,suspicious
6737680878,suspicious
6739489855,suspicious
com.prankify.zone.sounds.noise,suspicious
6739731396,suspicious
com.anime.livewallpapers.video.background4k.hd,suspicious
com.wallpapers4khd.cool.club.background,suspicious
6739730002,suspicious
com.weatherview.mobile.forcast,suspicious
com.fart.sounds.box.soundboard.prank,suspicious
com.funnysounds.fartsounds.air.horn.pranks.laughs,suspicious
com.psychic.wallpaper.artscreen,suspicious
com.hdwallpapers.backgrounds.anime.live,suspicious
com.prank.funnysounds.pranksound.airhorn.happy,suspicious
6738414514,suspicious
1631470493,suspicious
com.ibhomet.memorygame,suspicious
6572323383,suspicious
com.galaxy.glitter.live.wallpaper,suspicious
com.wallpaper.flick.quickly,suspicious
com.vividhue.wallpaper.maker,suspicious
com.howgood.color,suspicious
com.funny.prank.toy.sounds.haircut.fart.airhorn,suspicious
com.keyboard.themes.clip.typing,suspicious
com.wuwang.animalTwinkle,suspicious
6745785929,suspicious
com.codepoint.samsungwallpapershd,suspicious
com.paint.drawing.ar,suspicious
com.akspic,suspicious
com.saber.paripopGames,suspicious
com.wallpapaer.hd.home,suspicious
1595070966,suspicious
6746954856,suspicious
com.aidis.crittercrew,suspicious
com.pure.wallpaper.purewallpaper,suspicious
com.prank.sounds.fart,suspicious
1437287799,suspicious
com.backdrops.wallpapers,suspicious
com.wallpapersclub.wallpaper,suspicious
de.wetteronline.wetterapp,legitimate
com.block.juggle,legitimate
com.imo.android.imoim,legitimate
com.vitastudio.mahjong,legitimate
com.fugo.wow,legitimate
com.wetter.androidclient,legitimate
com.viber.voip,legitimate
com.oakever.tiletrip,legitimate
com.ebay.kleinanzeigen,legitimate
com.master.hotelmaster,legitimate
com.gamovation.tileclub,legitimate
com.ig.screwdom,legitimate
com.yahoo.mobile.client.android.mail,legitimate
com.miui.msa.global,legitimate
kidultlovin.word.zen,legitimate
com.fc.goods.sort.matching.puzzle.triplemaster,legitimate
1617391485,legitimate
632064380,legitimate
happy.paint.coloring.color.number,legitimate
fr.vinted,legitimate
com.truecaller,legitimate
com.lmr.lfm,legitimate
de.gmx.mobile.android.mail,legitimate
com.pixel.art.coloring.color.number,legitimate
591560124,legitimate
com.GybeGames.ColorBlockJam,legitimate
ch.iAgentur.i20Min,legitimate
com.easybrain.number.puzzle.game,legitimate
de.web.mobile.android.mail,legitimate
com.weward,legitimate
com.imo.android.imoimbeta,legitimate
in.playsimple.wordsearch,legitimate
puzzle.blockpuzzle.cube.relax,legitimate
aplicacion.tiempo,legitimate
com.blocky.quest,legitimate
1355464544,legitimate
com.imo.android.imoimhd,legitimate
com.gamebrain.hexasort,legitimate
com.whalergames.pirateraid,legitimate
jigsaw.puzzle.game.banana,legitimate
io.supercent.linkedcubic,legitimate
io.state.fight,legitimate
com.gamovation.mahjongclub,legitimate
com.zm.nuts,legitimate
com.mi.globalminusscreen,legitimate
com.wood.bolt.wordle.screw.nuts.puzzle,legitimate
com.tranzmate,legitimate
com.CreaTeamMobile.NextbotsinBackrooms,legitimate
games.resourcer.hex,legitimate
easy.sudoku.puzzle.solver.free,legitimate
net.zedge.android,legitimate
com.callapp.contacts,legitimate
com.microsoft.office.outlook,legitimate
com.cww.cubecraft,legitimate
com.yolo.hiddenobjects,legitimate
com.kiloo.subwaysurf,legitimate
com.easybrain.block.puzzle.games,legitimate
com.pin.screw.color.nuts.bolts.spin.free.game,legitimate
paint.by.number.pixel.art.coloring.drawing.puzzle,legitimate
com.screw3d.match.nuts.bolts.pin.jam.away.puzzle,legitimate
com.lemon.lvoverseas,legitimate
de.wetteronline.regenradar,legitimate
com.easybrain.art.puzzle,legitimate
io.whitesharx.moon,legitimate
com.hitappsgames.connectwords,legitimate
com.easybrain.crossword.puzzles,legitimate
com.easybrain.jigsaw.puzzles,legitimate
at.ner.SolitaireKlondike,legitimate
336435697,legitimate
solitaire.patience.card.games.klondike.free,legitimate
com.zm.watersort,legitimate
com.ig.bus.out,legitimate
com.hitv.savita,legitimate
512939461,legitimate
closet.match.pair.matching.games,legitimate
com.metropcs.metrozone,legitimate
com.fiogonia.blockjam,legitimate
1370293473,legitimate
com.dubox.drive,legitimate
wp.wattpad,legitimate
com.robtopx.geometryjumplite,legitimate
468996152,legitimate
ro.mercador,legitimate
net.lovoo.android,legitimate
com.kokteyl.mackolik,legitimate
bubbleshooter.orig,legitimate
com.camerasideas.instashot,legitimate
com.miui.cleaner,legitimate
com.tripledot.tile.blossom,legitimate
com.lenovo.anyshare.gps,legitimate
484115113,legitimate
com.offerup,legitimate
com.easybrain.backgammon.board.games,legitimate
com.melon.drop.fruit.merge.master,legitimate
1644847077,legitimate
spot.hidden.difference,legitimate
radio.online.romania,legitimate
com.tap.gallery,legitimate
1454213029,legitimate
at.willhaben,legitimate
im.thebot.messenger,legitimate
605569663,legitimate
com.moonfrog.ludo.club,legitimate
com.softtowelgames.cwp.android,legitimate
com.car.parking.bus.mania.traffic.jam,legitimate
com.gamovation.triplemahjong,legitimate
com.pieyel.scrabble,legitimate
com.flightradar24free,legitimate
com.mattel163.skipbo,legitimate
com.mi.globalbrowser,legitimate
com.JindoBlu.OfflineGames,legitimate
com.tripledot.triple.tile.match.pair.game.three.master.object,legitimate
fr.leboncoin,legitimate
com.playstrom.dop5,legitimate
com.mxtech.videoplayer.ad,legitimate
com.inspiredsquare.jupiter,legitimate
com.enflick.android.TextNow,legitimate
498477945,legitimate
6482849843,legitimate
droom.sleepifucan,legitimate
com.dream.dale,legitimate
com.ibragunduz.applockpro,legitimate
921765888,legitimate
games.vaveda.militaryoverturn,legitimate
ball.sort.color.puz.game.puzzle,legitimate
com.dywx.larkplayer,legitimate
in.playsimple.tripcross,legitimate
571801488,legitimate
com.particlenews.newsbreak,legitimate
382596778,legitimate
577586159,legitimate
com.pronetis.ironball2,legitimate
com.easygames.race,legitimate
com.tinder,legitimate
org.smapps.sort,legitimate
com.falcon.dm.water.cake.sort.puzzle,legitimate
com.uc.minigame.relax,legitimate
com.miniclip.carrom,legitimate
com.ezt.pdfreader.pdfviewer,legitimate
545993260,legitimate
com.instabridge.android,legitimate
com.grindrapp.android,legitimate
com.tile.match.blockpuzzle,legitimate
com.craftsman.go,legitimate
eu.livesport.FlashScore_com,legitimate
screw.sort.match.jam.puzzle,legitimate
1132762804,legitimate
com.easybrain.sudoku.android,legitimate
com.game.perfectlands,legitimate
pdfreader.pdfviewer.officetool.pdfscanner,legitimate
1365309175,legitimate
382617920,legitimate
com.zm.crossmath,legitimate
com.core.biggame.marble.android,legitimate
com.screw.away.pin.puzzle.and,legitimate
traffic.car.jam.escape.parking.puzzle.race,legitimate
997362197,legitimate
com.domobile.applockwatcher,legitimate
com.miui.securitycenter,legitimate
beetles.puzzle.solitaire,legitimate
com.lotus.toiletbreak,legitimate
com.cashwalk.cashwalk,legitimate
com.globalplay.birdsort2.color.puzzle,legitimate
com.easybrain.nonogram,legitimate
com.europosit.pixelcoloring,legitimate
com.vizorapps.klondike,legitimate
com.miui.global.packageinstaller,legitimate
io.voodoo.paper2,legitimate
com.agedstudio.card.solitaire.klondike,legitimate
com.kiwifun.game.android.nutsort.puzzles,legitimate
1390423469,legitimate
com.gstarmc.android,legitimate
com.microsoft.office.officehubrow,legitimate
388627783,legitimate
com.finya.app,legitimate
de.axelspringer.yana.zeropage,legitimate
com.dino.race.master,legitimate
com.pd.vehiclemasters,legitimate
1263036818,legitimate
de.axelspringer.yana,legitimate
com.goods.master3d.triple.puzzle,legitimate
388389451,legitimate
com.marulgames.wordsurf,legitimate
and.matchgames.zenblossom,legitimate
ball.sort.puzzle.color.sorting.bubble.games,legitimate
io.supercent.pizzaidle,legitimate
com.puzzle.traffic.escape.car,legitimate
com.fungames.blockcraft,legitimate
com.easybrain.spider.solitaire,legitimate
de.tvspielfilm,legitimate
806077016,legitimate
com.playvalve.solitaire,legitimate
com.beauty.tiles.story.makeover.puzzle.match,legitimate
com.duolingo,legitimate
com.desert.riders,legitimate
com.mobilityware.solitaire,legitimate
com.screw.jam.master.android,legitimate
com.ahoygames.backgammon,legitimate
com.Polystation.BuildABabe,legitimate
gallery.photomanager.picturegalleryapp.imagegallery,legitimate
951937596,legitimate
ch.blick.news,legitimate
com.blockchainvault,legitimate
com.cube.out.jam.puzzle,legitimate
de.rtl.wetter,legitimate
com.sorting.games.match3d.goods.triple.puzzle,legitimate
6468921495,legitimate
319881193,legitimate
puzzle.coffe.match.rush.sort,legitimate
com.mobilityware.spider,legitimate
com.wafour.wapicjapanese,legitimate
com.sh.fidget.toys.mini.relaxing.antistress.games,legitimate
com.playvalve.yatzy,legitimate
com.bitsmedia.android.muslimpro,legitimate
ch.iAgentur.i20MinFr,legitimate
com.fanatee.cody,legitimate
io.voodoo.holeio,legitimate
coloring.color.number.happy.paint.art.drawing.puzzle,legitimate
de.pixelhouse,legitimate
285688859,legitimate
6504332779,legitimate
com.ztnstudio.notepad,legitimate
com.picsart.studio,legitimate
com.actopolus.PixelDudeSandbox,legitimate
com.ig.secret.screw,legitimate
io.moinmoin,legitimate
com.wafour.wapiceng,legitimate
com.goods.sorting.games.triple.match3d.puzzle,legitimate
com.appmind.radios.de,legitimate
com.dream.free.games.match3,legitimate
sorting.games.goods.sort.triple.match3d.puzzle.stuff,legitimate
com.fc.p.gp.skincare.makeup.makeover.asmr.game,legitimate
com.netbiscuits.bild.android,legitimate
547702041,legitimate
314716233,legitimate
com.blockpuzzle.comboblastmaster.freegame,legitimate
com.wordgames.wordconnect.de,legitimate
com.aim.racing,legitimate
com.gamovation.sudoku,legitimate
com.no1ornothing.color.water.sort.woody.puzzle,legitimate
1369521645,legitimate
com.tvbm.bloommatch,legitimate
com.DifLabs.Differences,legitimate
com.megalol.quotes,legitimate
com.bravestars.hair.salon.beauty,legitimate
and.brainworks.nummatch,legitimate
com.unicostudio.braintest,legitimate
nuts.sort.bolts.nut.color.game.free.screw.puzzle,legitimate
1598997500,legitimate
com.crypt.gram.puzz,legitimate
1641107226,legitimate
com.playfocus.king,legitimate
com.playspare.supermarket.store.simulator,legitimate
air.com.lalaplay.rummy45,legitimate
1020581825,legitimate
com.goods.triple.match.puzzle,legitimate
com.screw.puzzle.nuts_android,legitimate
com.outfit7.mytalkingangela2,legitimate
com.fc.p.cp.jelly.mukbang.asmr.live.diy,legitimate
com.unicostudio.braintestlegacy,legitimate
1452906710,legitimate
block.puzzle.sudoku.free.game.classic.offline,legitimate
tap.unblock.away,legitimate
and.lihuhu.findmatch,legitimate
com.miniclip.footballstrike,legitimate
com.blendergame.smash,legitimate
kr.co.psynet,legitimate
com.megalol.muttertag,legitimate
jp.co.goodroid.hyper.hexaaway,legitimate
com.tapcolor.puzzle.sort.goods.match.triple,legitimate
com.fbig.words,legitimate
com.bigcake.android.mahjongmatch,legitimate
com.tvf.anti.stress.relaxing.mini.games,legitimate
word.connect.free,legitimate
1407852246,legitimate
com.ahoygames.okey,legitimate
com.screw.pin.nuts.bolts.jam.puzzle,legitimate
com.radio.pocketfm,legitimate
com.balloon.master.cube.match,legitimate
water.sort.puzzle.game.color.sorting.free,legitimate
com.flyingwhalegames.carout,legitimate
488575683,legitimate
sudoku.puzzle.free.game.brain,legitimate
com.puzzle.pool.android,legitimate
6470341665,legitimate
com.wn.hairtattoo,legitimate
com.game.thatsmyseat,legitimate
com.peoplefun.wordcross,legitimate
games.spearmint.triplecrush,legitimate
981633844,legitimate
6740043080,legitimate
com.tp.pmu3d,legitimate
com.corestudiso.suzyrest,legitimate
com.easybrain.hidden.spots,legitimate
com.cat.defenders.shelling.snake.and,legitimate
com.soccer.football.kick,legitimate
418535251,legitimate
com.abi.busjam.sortpuzzle,legitimate
com.accurate.live.weather.widget,legitimate
com.paperdoll.diary.dressup.game,legitimate
com.mathbrain.sudoku,legitimate
352826080,legitimate
color.match.line.connect.brain.puzzle,legitimate
com.zuma.deluxe.marble.puzzle,legitimate
com.manekigames.fashionqueen,legitimate
com.wafour.whanzi,legitimate
com.aol.mobile.aolapp,legitimate
com.tripledot.tile.dynasty,legitimate
com.ludo.king,legitimate
com.beauty.blast.makeover.story.puzzle.match,legitimate
com.sortmatch.triple.drop.goods.puzzle,legitimate
com.cricbuzz.android,legitimate
find.difference.spot.differences.hidden.puzzle.games.free,legitimate
slide.color.block.puzzle,legitimate
587366035,legitimate
6449243946,legitimate
com.audiomack,legitimate
net.wooga.junes_journey_hidden_object_mystery_game,legitimate
com.game.suf_android,legitimate
com.playvalve.dominoes,legitimate
com.blackout.bubble,legitimate
math.puzzle.games.crossmath.number.puzzles.free,legitimate
dasi.prs2.lumberchopper,legitimate
com.camerasideas.trimmer,legitimate
com.h8games.littlefarmstory,legitimate
com.fugo.wowguru,legitimate
com.rope.untie.tangle.master,legitimate
com.wafour.bible,legitimate
com.mi.android.globalFileexplorer,legitimate
com.abi.cook.chill,legitimate
in.mohalla.sharechat,legitimate
videoplayer.videodownloader.downloader,legitimate
jp.gocro.smartnews.android,legitimate
onet.tile.match.puzzle.android,legitimate
com.kiwifun.game.android.numbermaster.puzzles,legitimate
1366502697,legitimate
com.xm.csee,legitimate
com.phonepe.app,legitimate
698255242,legitimate
com.woodpuzzle.pin3d,legitimate
com.tracerofficial,legitimate
funvent.tilepark,legitimate
com.youmusic.magictiles,legitimate
and.lihuhu.machingtriple,legitimate
de.cellular.focus,legitimate
find.spot.fun.relax.difference,legitimate
com.sirmamobile.prodavalnik,legitimate
it.italiaonline.mail,legitimate
com.infraware.office.link,legitimate
de.lineas.lit.ntv.android,legitimate
com.belkatechnologies.clockmaker,legitimate
com.accurate.weather.forecast.live,legitimate
com.game.goolny.stickers,legitimate
com.didilabs.kaavefali,legitimate
947863045,legitimate
com.LoopGames.Yatzy,legitimate
com.miracle.block.smash.journey,legitimate
com.tapcolor.color.coloring.number.paint.free,legitimate
766443283,legitimate
6448104157,legitimate
app.source.getcontact,legitimate
de.funke.hoerzu,legitimate
com.outfit7.mytalkingtomfriends,legitimate
1466197423,legitimate
nl.marktplaats.android,legitimate
com.gamepark.vehicle.simulator.driving.games,legitimate
com.easystudio.screw.pin.jam.puzzle,legitimate
com.tarboosh.collectemall,legitimate
cbj.color.bus.jam,legitimate
de.nebenan.app,legitimate
com.gtsy.annoying.punch.game,legitimate
viva.republica.toss,legitimate
com.fanatee.keep,legitimate
com.superking.ludo.star,legitimate
com.freevpnplanet,legitimate
com.puzzle.traffic.parking.jam.bus.out,legitimate
com.color.busfrenzy,legitimate
spider.solitaire.card.games.free.no.ads.klondike.solitare.patience.king,legitimate
com.activaweb.matchendirect,legitimate
com.tfgco.apps.coloring.free.color.by.number,legitimate
ball.sort.water.puzzle,legitimate
com.binteraktive.kniffel.live,legitimate
st.ows.colorwoodjam,legitimate
com.starmakingfun.colorblock,legitimate
com.Garawell.BridgeRace,legitimate
com.ycc365plus.aws,legitimate
com.dreame.reader,legitimate
com.satispuzzlegame.perfectday,legitimate
com.BitofGame.MiniGolfRetro,legitimate
com.goods.free.puzzle.match3d.sort,legitimate
tiktok.video.downloader.nowatermark.tiktokdownload,legitimate
de.mwwebwork.benzinpreisblitz,legitimate
com.touch2goal.soccer,legitimate
com.solitaire.fish.klondike.card.aquarium,legitimate
458056343,legitimate
com.playstrom.dop3,legitimate
com.mars.avgchapters,legitimate
com.MelsoftGames.FamilyIslandFarm,legitimate
games.spearmint.matchinggame,legitimate
370406465,legitimate
traffic.parking.jam.escape.car3d.games,legitimate
fg.nuts.sort.journey,legitimate
com.Machina.SortDash,legitimate
game.puzzle.blockpuzzle,legitimate
de.mobile.android.app,legitimate
com.sportbrain.jewelpuzzle,legitimate
com.popularapp.periodcalendar,legitimate
com.lemongame.klondike.solitaire,legitimate
com.apnax.wordsnack,legitimate
com.bounce.dunk,legitimate
com.megalol.app,legitimate
com.iscoolentertainment.snc,legitimate
com.newnormalgames.phonecasediy,legitimate
com.Game.SpongeArt,legitimate
1163786766,legitimate
com.outfit7.mytalkingtomfree,legitimate
and.lihuhu.woober,legitimate
find.out.hidden.objects.seek.puzzle.games.free,legitimate
com.cww.laststronghold,legitimate
417352269,legitimate
com.h.momsim,legitimate
1193508329,legitimate
jigsaw.puzzle.free.games,legitimate
gridplus.ball.sort.colorpuz,legitimate
com.word.block.puzzle.free.relax,legitimate
com.merge.cooking.theme.restaurant.food,legitimate
com.ketchapp.knifehit,legitimate
com.brainrot.mini.challenge,legitimate
com.bvl.weatherapp,legitimate
com.gamincat.jigsolitaire,legitimate
com.surprise.toy.d3,legitimate
com.GMA.Ball.Sort.Puzzle,legitimate
com.sh.mini.antistress.relaxing.games,legitimate
tr.com.apps.fashion.battle,legitimate
com.bonnie.trafficescape,legitimate
com.bubblepop.cannon.puzzle,legitimate
com.sprunki.mod.horror.incredibox.monster.beats.music.phase,legitimate
kik.android,legitimate
6471572249,legitimate
com.miui.videoplayer,legitimate
com.playit.videoplayer,legitimate
com.magic.dancing.tiles.game.piano,legitimate
kjv.bible.kingjamesbible,legitimate
com.mynet.android.mynetapp,legitimate
com.JindoBlu.FourPlayers,legitimate
com.fusionmedia.investing,legitimate
com.bubble.shooter.family,legitimate
park.master.car.parking.games,legitimate
1090274263,legitimate
com.trending.tik.tap.game.challenge,legitimate
com.ventogames.findthecat,legitimate
com.gamepark.cop.simulator.police.games,legitimate
333903271,legitimate
com.crazylabs.acrylic.nails,legitimate
game.water.sort.puzzle.android,legitimate
com.eterno,legitimate
works.jubilee.timetree,legitimate
games.conifer.card.spider.solitaire.free,legitimate
1541153375,legitimate
com.cerebelliumapps.motoextremeracing,legitimate
com.playvalve.watersort,legitimate
com.veraxen.jigsaw,legitimate
368948250,legitimate
399355755,legitimate
com.mobirix.swipebrick2,legitimate
block.puzzle.color.jam,legitimate
com.sunsetgames.bordersecurity,legitimate
com.unrealgames.RacinginCar2020,legitimate
com.pinger.textfree,legitimate
com.easybrain.number.sums.puzzle,legitimate
410094240,legitimate
com.hit.master,legitimate
com.nopegames.coffeemania,legitimate
de.lotum.whatsinthefoto.us,legitimate
com.gma.water.sort.puzzle,legitimate
com.watermelon.club,legitimate
com.wafour.todo,legitimate
wheelie.master.street.elite.bikegame,legitimate
games.burny.color.sort.woody.puzzle,legitimate
com.miniit.brain,legitimate
com.livescore,legitimate
com.excelliance.multiaccounts,legitimate
com.football.soccer.league,legitimate
6451136859,legitimate
com.gamovation.chessclubpilot,legitimate
com.bubbleshooter.popbubbles.collectcards,legitimate
com.appgeneration.itunerfree,legitimate
com.kiwifun.game.android.ball.sort,legitimate
6463127238,legitimate
alldocumentreader.office.viewer.filereader,legitimate
com.yatzy.blitz.dice.roll.game,legitimate
com.handcent.app.nextsms,legitimate
com.homedesign.restore.asmr.games,legitimate
com.weegoon.thiefpuzzle,legitimate
336353151,legitimate
1545567989,legitimate
com.fingersoft.hillclimb,legitimate
com.hookah.sandboxinspace,legitimate
com.foxnews.android,legitimate
games.urmobi.found.it,legitimate
com.games.bottle,legitimate
com.lbrc.PeriodCalendar,legitimate
1509453185,legitimate
casual.tung.sahur.mukbang.asmr,legitimate
com.dragonscapes.global,legitimate
com.handmark.expressweather,legitimate
1452227871,legitimate
radio.greece.free.fm,legitimate
com.android.thememanager,legitimate
com.darmiu.folasia,legitimate
306310789,legitimate
com.parking.jam.car.game.bus.trafficcarescape.matching,legitimate
373963365,legitimate
com.no1ornothing.bloom.tile.match.puzzle,legitimate
1337578317,legitimate
com.uc.gym.clicker,legitimate
com.globalplay.birdsort,legitimate
com.accuweather.android,legitimate
com.screw.bolt.ocean.match.fish.game,legitimate
com.CAYN.TowerOfHellObby,legitimate
com.dailymail.online,legitimate
com.badoo.mobile,legitimate
com.saldous.casetracker,legitimate
1664095058,legitimate
com.gps.draw.flag.coloring.games,legitimate
com.lemongame.freecell.solitaire,legitimate
6511238101,legitimate
merge.blocks.drop.number.puzzle.games,legitimate
com.nomonkeys.ballblast,legitimate
com.reachjunction.card.game.solitaire,legitimate
6661024747,legitimate
in.playsimple.jigsaw_puzzle,legitimate
com.samsung.android.app.spage,legitimate
com.block.puzzle.free.wood,legitimate
com.playvalve.ballsort,legitimate
com.Survival.Escape.Session3,legitimate
com.eyecon.global,legitimate
com.sofascore.results,legitimate
com.decor.life,legitimate
color.sketch.art.puzzle,legitimate
com.soccer.score.star,legitimate
com.fc.nut.screw.bolt.washer.fastener.puzzle,legitimate
com.droid27.transparentclockweather,legitimate
blockpuzzle.new1010.jewelgames.puzzlegames,legitimate
com.hexa.sort.puzzle.stack.color.game,legitimate
com.kayac.ball_run,legitimate
com.spinsdaily.coinmasterfreespins.spinmaster.spinlink,legitimate
1536584509,legitimate
com.cookie.match3.casual,legitimate
com.azurgames.stackball,legitimate
com.partyup.blockjam,legitimate
921827126,legitimate
986339882,legitimate
com.blockblast.adventuremaster.blockpuzzle.samsung,legitimate
in.playsimple.wordtour,legitimate
de.cellular.n24hybrid,legitimate
com.udonistemple.magicalmixing,legitimate
com.pelmorex.WeatherEyeAndroid,legitimate
water.sort.puzzle.color.sort.games,legitimate
com.weather.Weather,legitimate
com.unicostudio.braintest4,legitimate
photo.manager.private.photogallery,legitimate
com.bigcool.puzzle.fruitgenies,legitimate
air.com.lalaplay.rummypro,legitimate
gongverlag.tvdirekt,legitimate
com.twitter.android,legitimate
com.wallapop,legitimate
com.ilmeteo.android.ilmeteo,legitimate
6505095234,legitimate
com.softowelgames.casual.free.word.puzzle.game.connect.letters.paradise,legitimate
sortpuz.water.sort.puzzle.game,legitimate
com.zm.blockaway,legitimate
com.stealthgame.master,legitimate
com.solou.catendless.run,legitimate
1389111413,legitimate
jp.co.goodroid.hyper.nutsandboltssort,legitimate
com.easybrain.number.tiles.games,legitimate
com.zm.balls,legitimate
com.thecarousell.Carousell,legitimate
com.outfit7.mytalkingangelafree,legitimate
com.blockpuzzle.jewel.diamond,legitimate
com.bandagames.mpuzzle.gp,legitimate
com.playgendary.tom,legitimate
breastenlarger.bodyeditor.photoeditor,legitimate
com.games.webmaster,legitimate
com.eryodsoft.android.cards.rummy.lite,legitimate
com.peoplefun.bricksnballs,legitimate
com.memeandsticker.textsticker,legitimate
com.magic.music.tiles.game,legitimate
com.moslay,legitimate
radio.bulgaria.play.online.free,legitimate
com.meteoblue.droid,legitimate
com.Meteosolutions.Meteo3b,legitimate
com.takeoffbolts.screw.puzzle,legitimate
it.ideasolutions.amerigo,legitimate
com.mi.android.globalminusscreen,legitimate
6498883328,legitimate
puzzle.yarn.fever.unravel.puzzle,legitimate
com.bricks.legend,legitimate
applock.lockapps.fingerprint.password.lockit,legitimate
com.zynga.words3,legitimate
net.wyvernware.whosthealien,legitimate
com.redcat.hypermarket,legitimate
com.miui.player,legitimate
com.casualino.bgbelot,legitimate
com.unravel.yarn.screw.puzzle,legitimate
1496354836,legitimate
com.read.goodnovel,legitimate
com.promiflash.androidapp,legitimate
com.exovoid.weather.app,legitimate
com.inmobi.weather,legitimate
io.supercent.prison,legitimate
com.playstrom.dop2,legitimate
com.playstrom.dop4,legitimate
com.outfit7.mytalkingtomfriends2,legitimate
com.grus.dress.room.doll.fashion,legitimate
com.cratergam.ranch,legitimate
com.rovio.angrybirdsfriends,legitimate
com.clarkstudio.an.gs3d,legitimate
com.cookapps.bubblecoco,legitimate
de.radio.android,legitimate
com.digidust.elokence.akinator.freemium,legitimate
com.htt.alpha.shooter.fps,legitimate
com.game.pisti,legitimate
com.easybrain.solitaire.klondike.free,legitimate
com.corporate.novelstories,legitimate
com.severex.cross.word.puzzle.logic,legitimate
com.kayac.level_up_number,legitimate
at.ner.SolitaireSpider,legitimate
dreamtile.triple.match.game,legitimate
com.animal.drop.merge.puzzle,legitimate
com.puzzle.fun.free.matching3d,legitimate
382233851,legitimate
com.h8games.mixsticks,legitimate
311785642,legitimate
com.orange.mail.fr,legitimate
com.heartminder.bloodpressure.bodyhealth,legitimate
com.cassette.aquapark,legitimate
com.n3twork.tetris,legitimate
com.orbitalknight.ridiculousfreekick,legitimate
com.tumblr,legitimate
com.bbg.car.wash.repair.garage.games,legitimate
com.zuuks.bus.simulator.ultimate,legitimate
com.resultadosfutbol.mobile,legitimate
com.firsttouchgames.story,legitimate
com.antivirus,legitimate
1423046460,legitimate
1660171117,legitimate
co.brainly,legitimate
com.triple.match3d.family,legitimate
linkdesks.block.puzzle.classic.puzzlegames,legitimate
in.playsimple.triple.tile.matchgame.pair.three.puzzle.object.royale,legitimate
com.widgetable.theme.android,legitimate
com.inspiredsquare.blocks,legitimate
video.downloader.videodownloader,legitimate
com.yunyi.smartcamera,legitimate
org.yoki.android.buienalarm,legitimate
com.supersort.matching.goods.triple.puzzle,legitimate
com.ig.coffee.rush,legitimate
1141379201,legitimate
com.dencreak.dlcalculator,legitimate
com.heartrate.bloodpressure.vitalsigns,legitimate
com.fit.blockpuzzle3D.color.blast.jam,legitimate
com.wordgame.wordconnect.fr,legitimate
and.lihuhu.tiletriple3d,legitimate
com.Steal.Braingod,legitimate
367623543,legitimate
1579215073,legitimate
music.musicplayer,legitimate
375173494,legitimate
com.nefisyemektarifleri.android,legitimate
com.pilav.kismet,legitimate
com.w.play.security2.simulationgame,legitimate
com.easybrain.killer.sudoku.free,legitimate
1190849728,legitimate
sonic.bubbleshoot.classic,legitimate
jp.co.dwango.HcgDW007SandwichRun,legitimate
classic.relax.happy.color.by.number.game,legitimate
com.fpl.relaxing.pop,legitimate
com.linecorp.b612.android,legitimate
com.autoscout24,legitimate
game.bubble.shooter.dragon.pop,legitimate
com.merge.art.canvas,legitimate
com.fingersoft.hcr2,legitimate
300048137,legitimate
co.tamatem.vipbaloot,legitimate
com.ants360.yicamera.international,legitimate
com.gjg.colorfill3d,legitimate
line.color.adventure,legitimate
com.GybeGames.FillTheFridgeTest,legitimate
com.netshort.abroad,legitimate
com.playstrom.my.sticker.room,legitimate
com.linkdesks.jewellegend,legitimate
com.color.block.jam,legitimate
lequipe.fr,legitimate
